Course Title,Course Description,Course Author,Course Author Occupation,Course URL
Introduction to Shell for Data Science,"The Unix command line helps users combine existing programs in new ways, automate repetitive tasks, and run programs ...",Greg Wilson,Co-founder of Software Carpentry,https://www.datacamp.com/courses/introduction-to-shell-for-data-science
Conda Essentials,Learn how to easily manage your software using conda.,David Mertz,Senior Data Science Trainer at Anaconda Inc.,https://www.datacamp.com/courses/conda-essentials
Conda for Building & Distributing Packages,Learn how to write Conda recipes and share them on Anaconda Cloud.,Albert DeFusco,Data Science Instructor at Anaconda Inc.,https://www.datacamp.com/courses/conda-for-building-distributing-packages
Intro to SQL for Data Science,"Master the basics of querying databases with SQL, the world's most popular databasing language.",Nick Carchedi,Product Manager at DataCamp,https://www.datacamp.com/courses/intro-to-sql-for-data-science
Joining Data in PostgreSQL,"Join two or three tables together into one, combine tables using set theory, and work with subqueries in PostgreSQL",Chester Ismay,Senior Curriculum Lead at DataCamp,https://www.datacamp.com/courses/joining-data-in-postgresql
Pivot Tables with Spreadsheets,"Explore the world of Pivot Tables within Google Sheets, and learn how to quickly organize thousands of data points wi...",Frank Sumanski,"Founder, SpreadsheetAllstars.com",https://www.datacamp.com/courses/pivot-tables-with-spreadsheets
Intermediate Spreadsheets for Data Science,"Expand your spreadsheets vocabulary by diving deeper into data types, including numeric data, logical data, and missi...",Richie Cotton,Head of Content Quality at DataCamp,https://www.datacamp.com/courses/intermediate-spreadsheets-for-data-science
Spreadsheet Basics,"Learn the basics of spreadsheets by working with rows, columns, addresses, and ranges.",Vincent Vankrunkelsven,Data Science Instructor at DataCamp,https://www.datacamp.com/courses/spreadsheet-basics
Data Analysis with Spreadsheets,"Learn how to analyze data with spreadsheets using functions such as SUM(), AVERAGE(), and VLOOKUP().",Vincent Vankrunkelsven,Data Science Instructor at DataCamp,https://www.datacamp.com/courses/data-analysis-with-spreadsheets
Introduction to Git for Data Science,This course is an introduction to version control with Git for data scientists.,Greg Wilson,Co-founder of Software Carpentry,https://www.datacamp.com/courses/introduction-to-git-for-data-science
Introduction to R,"Master the basics of data analysis by manipulating common data structures such as vectors, matrices and data frames.",Jonathan Cornelissen,Co-founder and CEO of DataCamp,https://www.datacamp.com/courses/free-introduction-to-r
"Data Analysis in R, the data.table Way","Master core concepts in data manipulation such as subsetting, updating, indexing and joining your data using data.table.",Matt Dowle,Author of data.table,https://www.datacamp.com/courses/data-table-data-manipulation-r-tutorial
Data Manipulation in R with dplyr,"Master techniques for data manipulation using the select, mutate, filter, arrange, and summarise functions in dplyr.",Garrett Grolemund,Data Scientist at RStudio,https://www.datacamp.com/courses/dplyr-data-manipulation-r-tutorial
Data Visualization in R with ggvis,"Learn to create interactive graphs to display distributions, relationships, model fits, and more using ggvis.",Garrett Grolemund,Data Scientist at RStudio,https://www.datacamp.com/courses/ggvis-data-visualization-r-tutorial
Reporting with R Markdown,Learn to create interactive analyses and automated reports with R Markdown.,Garrett Grolemund,Data Scientist at RStudio,https://www.datacamp.com/courses/reporting-with-r-markdown
Intermediate R,"Continue your journey to become an R ninja by learning about conditional statements, loops, and vector functions.",Filip Schouwenaars,Data Science Instructor at DataCamp,https://www.datacamp.com/courses/intermediate-r
Introduction to Machine Learning,Learn to train and assess models performing common machine learning tasks such as classification and clustering.,Gilles Inghelbrecht,Doctoral Student at Vrije Universiteit Brussel,https://www.datacamp.com/courses/introduction-to-machine-learning-with-r
Cleaning Data in R,Learn to explore your data so you can properly clean and prepare it for analysis.,Nick Carchedi,Product Manager at DataCamp,https://www.datacamp.com/courses/cleaning-data-in-r
Intermediate R - Practice,Strengthen your knowledge of the topics you learned in Intermediate R with a ton of new and fun exercises.,Filip Schouwenaars,Data Science Instructor at DataCamp,https://www.datacamp.com/courses/intermediate-r-practice
Data Visualization with ggplot2 (Part 1),Learn to produce meaningful and beautiful data visualizations with ggplot2 by understanding the grammar of graphics.,Rick Scavetta,"Rick Scavetta is a biologist, workshop trainer, freelance data...",https://www.datacamp.com/courses/data-visualization-with-ggplot2-1
Data Visualization with ggplot2 (Part 2),"Take your data visualization skills to the next level with coordinates, facets, themes, and best practices in ggplot2.",Rick Scavetta,"Rick Scavetta is a biologist, workshop trainer, freelance data...",https://www.datacamp.com/courses/data-visualization-with-ggplot2-2
Data Visualization with ggplot2 (Part 3),This course covers some advanced topics including strategies for handling large data sets and specialty plots.,Rick Scavetta,"Rick Scavetta is a biologist, workshop trainer, freelance data...",https://www.datacamp.com/courses/data-visualization-with-ggplot2-part-3
Text Mining: Bag of Words,Learn the bag of words technique for text mining with R.,Ted Kwartler,"Senior Director, Data Scientist at Liberty Mutual",https://www.datacamp.com/courses/intro-to-text-mining-bag-of-words
Exploring Pitch Data with R,Use a rich baseball dataset from the MLB's Statcast system to practice your data exploration skills.,Brian M. Mills,Assistant Professor at the University of Florida,https://www.datacamp.com/courses/exploring-pitch-data-with-r
Intro to Python for Data Science,Master the basics of data analysis in Python. Expand your skill set by learning scientific computing with numpy.,Filip Schouwenaars,Data Science Instructor at DataCamp,https://www.datacamp.com/courses/intro-to-python-for-data-science
Working with the RStudio IDE (Part 1),Learn the basics of the important features of the RStudio IDE.,Garrett Grolemund,Data Scientist at RStudio,https://www.datacamp.com/courses/working-with-the-rstudio-ide-part-1
Introduction to Portfolio Analysis in R,"Apply your finance and R skills to backtest, analyze, and optimize financial portfolios.",Kris Boudt,Professor of Finance and Econometrics at VUB and VUA,https://www.datacamp.com/courses/introduction-to-portfolio-analysis-in-r
Writing Functions in R,Learn the fundamentals of writing functions in R so you can make your code more readable and automate repetitive tasks.,Charlotte Wickham,Assistant Professor at Oregon State University,https://www.datacamp.com/courses/writing-functions-in-r
Credit Risk Modeling in R,Apply statistical modeling in a real-life setting using logistic regression and decision trees to model credit risk.,Lore Dirick,Senior Data Science Curriculum Writer at Flatiron School,https://www.datacamp.com/courses/introduction-to-credit-risk-modeling-in-r
Machine Learning Toolbox,This course teaches the big ideas in machine learning like how to build and evaluate predictive models.,Zachary Deane-Mayer,Data Scientist at Data Robot and co-author of caret,https://www.datacamp.com/courses/machine-learning-toolbox
Working with the RStudio IDE (Part 2),"Further your knowledge of RStudio and learn how to integrate Git, LaTeX, and Shiny",Garrett Grolemund,Data Scientist at RStudio,https://www.datacamp.com/courses/working-with-the-rstudio-ide-part-2
Joining Data in R with dplyr,This course will show you how to combine data sets with dplyr's two table verbs.,Garrett Grolemund,Data Scientist at RStudio,https://www.datacamp.com/courses/joining-data-in-r-with-dplyr
Manipulating Time Series Data in R with xts & zoo,The xts and zoo packages make the task of managing and manipulating ordered observations fast and mistake free.,Jeffrey Ryan,Creator of xts and quantmod,https://www.datacamp.com/courses/manipulating-time-series-data-in-r-with-xts-zoo
Introduction to Time Series Analysis,Learn the core techniques necessary to extract meaningful insights from time series data.,David S. Matteson,Associate Professor at Cornell University,https://www.datacamp.com/courses/introduction-to-time-series-analysis
Importing & Cleaning Data in R: Case Studies,"In this series of four case studies, you'll revisit key concepts from our courses on importing and cleaning data in R.",Nick Carchedi,Product Manager at DataCamp,https://www.datacamp.com/courses/importing-cleaning-data-in-r-case-studies
Financial Trading in R,This course covers the basics of financial trading and how to use quantstrat to build signal-based trading strategies.,Ilya Kipnis,Professional Quantitative Analyst and R programmer,https://www.datacamp.com/courses/financial-trading-in-r
Intermediate Python for Data Science,Level up your data science skills by creating visualizations using matplotlib and manipulating data frames with Pandas.,Filip Schouwenaars,Data Science Instructor at DataCamp,https://www.datacamp.com/courses/intermediate-python-for-data-science
Introduction to Databases in Python,"In this course, you'll learn the basics of relational databases and how to interact with them.",Jason Myers,Co-Author of Essential SQLAlchemy and Software Engineer,https://www.datacamp.com/courses/introduction-to-relational-databases-in-python
Interactive Data Visualization with Bokeh,Learn how to create versatile and interactive data visualizations using Bokeh.,Bryan Van de Ven,Software Engineer at Anaconda and Developer of Bokeh,https://www.datacamp.com/courses/interactive-data-visualization-with-bokeh
Python Data Science Toolbox (Part 2),Continue to build your modern Data Science skills by learning about iterators and list comprehensions.,Hugo Bowne-Anderson,Data Scientist at DataCamp,https://www.datacamp.com/courses/python-data-science-toolbox-part-2
Python Data Science Toolbox (Part 1),"Learn the art of writing your own functions in Python, as well as key concepts like scoping and error handling.",Hugo Bowne-Anderson,Data Scientist at DataCamp,https://www.datacamp.com/courses/python-data-science-toolbox-part-1
Statistical Thinking in Python (Part 1),Build the foundation you need to think statistically and to speak the language of your data.,Justin Bois,Lecturer at the California Institute of Technology,https://www.datacamp.com/courses/statistical-thinking-in-python-part-1
Statistical Thinking in Python (Part 2),Learn to perform the two key tasks in statistical inference: parameter estimation and hypothesis testing.,Justin Bois,Lecturer at the California Institute of Technology,https://www.datacamp.com/courses/statistical-thinking-in-python-part-2
Importing Data in Python (Part 2),Improve your Python data importing skills and learn to work with web and API data.,Hugo Bowne-Anderson,Data Scientist at DataCamp,https://www.datacamp.com/courses/importing-data-in-python-part-2
Importing Data in Python (Part 1),"Learn to import data into Python from various sources, such as Excel, SQL, SAS and right from the web.",Hugo Bowne-Anderson,Data Scientist at DataCamp,https://www.datacamp.com/courses/importing-data-in-python-part-1
pandas Foundations,"Learn how to use the industry-standard pandas library to import, build, and manipulate DataFrames.",Team Anaconda,Data Science Training,https://www.datacamp.com/courses/pandas-foundations
Importing and Managing Financial Data in R,Learn how to access financial data from local files as well as from internet sources.,Joshua Ulrich,Quantitative Analyst & member of R/Finance Conference committee,https://www.datacamp.com/courses/importing-and-managing-financial-data-in-r
Exploratory Data Analysis in R: Case Study,Use data manipulation and visualization skills to explore the historical voting of the United Nations General Assembly.,David Robinson,"Chief Data Scientist, DataCamp",https://www.datacamp.com/courses/exploratory-data-analysis-in-r-case-study
Importing Data in R (Part 1),"In this course, you will learn to read CSV, XLS, and text files in R using tools like readxl and data.table.",Filip Schouwenaars,Data Science Instructor at DataCamp,https://www.datacamp.com/courses/importing-data-in-r-part-1
Importing Data in R (Part 2),"Parse data in any format. Whether it's flat files, statistical software, databases, or data right from the web.",Filip Schouwenaars,Data Science Instructor at DataCamp,https://www.datacamp.com/courses/importing-data-in-r-part-2
Data Visualization in R,This course provides a comprehensive introduction to working with base graphics in R.,Ronald Pearson,PhD in Electrical Engineering and Computer Science from M.I.T.,https://www.datacamp.com/courses/data-visualization-in-r
Statistical Modeling in R (Part 1),This course was designed to get you up to speed with the most important and powerful methodologies in statistics.,Daniel Kaplan,DeWitt Wallace Professor at Macalester College,https://www.datacamp.com/courses/statistical-modeling-in-r-part-1
Statistical Modeling in R (Part 2),"In this follow-up course, you will expand your stat modeling skills from part 1 and dive into more advanced concepts.",Daniel Kaplan,DeWitt Wallace Professor at Macalester College,https://www.datacamp.com/courses/statistical-modeling-in-r-part-2
Intermediate Portfolio Analysis in R,"Advance you R finance skills to backtest, analyze, and optimize financial portfolios.",Ross Bennett,Co-author of PortfolioAnalytics R package,https://www.datacamp.com/courses/intermediate-portfolio-analysis-in-r
Bond Valuation and Analysis in R,Learn to use R to develop models to evaluate and analyze bonds as well as protect them from interest rate changes.,Clifford Ang,Vice President at Compass Lexecon,https://www.datacamp.com/courses/bond-valuation-and-analysis-in-r
Foundations of Inference,Learn how to draw conclusions about a population from a sample of data via a process known as statistical inference.,Jo Hardin,Professor at Pomona College,https://www.datacamp.com/courses/foundations-of-inference
Exploratory Data Analysis,Learn how to use graphical and numerical techniques to begin uncovering the structure of your data.,Andrew Bray,Assistant Professor of Statistics at Reed College,https://www.datacamp.com/courses/exploratory-data-analysis
Correlation and Regression,Learn how to describe relationships between two numerical quantities and characterize these relationships graphically.,Ben Baumer,Assistant Professor at Smith College,https://www.datacamp.com/courses/correlation-and-regression
Introduction to Data,"Learn the language of data, study types, sampling strategies, and experimental design.",Mine Cetinkaya-Rundel,Associate Professor at Duke University & Data Scientist and Pr...,https://www.datacamp.com/courses/introduction-to-data
ARIMA Modeling with R,Become an expert in fitting ARIMA (autoregressive integrated moving average) models to time series data using R.,David Stoffer,Professor of Statistics at the University of Pittsburgh,https://www.datacamp.com/courses/arima-modeling-with-r
Manipulating DataFrames with pandas,"You will learn how to tidy, rearrange, and restructure your data using versatile pandas DataFrames.",Team Anaconda,Data Science Training,https://www.datacamp.com/courses/manipulating-dataframes-with-pandas
Merging DataFrames with pandas,"This course is all about the act of combining, or merging, DataFrames, an essential part your Data Scientist's toolbox.",Team Anaconda,Data Science Training,https://www.datacamp.com/courses/merging-dataframes-with-pandas
Introduction to Data Visualization with Python,Learn more complex data visualization techniques using Matplotlib and Seaborn.,Team Anaconda,Data Science Training,https://www.datacamp.com/courses/introduction-to-data-visualization-with-python
Network Analysis in Python (Part 1),"This course will equip you with the skills to analyze, visualize, and make sense of networks using the NetworkX library.",Eric Ma,Data Carpentry instructor and author of nxviz package,https://www.datacamp.com/courses/network-analysis-in-python-part-1
Supervised Learning with scikit-learn,Learn how to build and tune predictive models and evaluate how well they will perform on unseen data.,Hugo Bowne-Anderson,Data Scientist at DataCamp,https://www.datacamp.com/courses/supervised-learning-with-scikit-learn
Deep Learning in Python,Learn the fundamentals of neural networks and how to build deep learning models using Keras 2.0.,Dan Becker,Data Scientist and contributor to Keras and TensorFlow libraries,https://www.datacamp.com/courses/deep-learning-in-python
Cleaning Data in Python,This course will equip you with all the skills you need to clean your data in Python.,Daniel Chen,Data Science Consultant at Lander Analytics,https://www.datacamp.com/courses/cleaning-data-in-python
Unsupervised Learning in Python,"Learn how to cluster, transform, visualize, and extract insights from unlabeled datasets using scikit-learn and scipy.",Benjamin Wilson,Director of Research at lateral.io,https://www.datacamp.com/courses/unsupervised-learning-in-python
Machine Learning with the Experts: School Budgets,Learn how to build a model to automatically classify items in a school budget.,Peter Bull,Co-founder of DrivenData,https://www.datacamp.com/courses/machine-learning-with-the-experts-school-budgets
Data Types for Data Science,"Consolidate and extend your knowledge of Python data types such as lists, dictionaries, and tuples, leveraging them t...",Jason Myers,Co-Author of Essential SQLAlchemy and Software Engineer,https://www.datacamp.com/courses/data-types-for-data-science
Network Analysis in Python (Part 2),"Analyze time series graphs, use bipartite graphs, and gain the skills to tackle advanced problems in network analytics.",Eric Ma,Data Carpentry instructor and author of nxviz package,https://www.datacamp.com/courses/network-analysis-in-python-part-2
Natural Language Processing Fundamentals in Python,Learn fundamental natural language processing techniques using Python and how to apply them to extract insights from ...,Katharine Jarmul,"Founder, kjamistan",https://www.datacamp.com/courses/natural-language-processing-fundamentals-in-python
Unsupervised Learning in R,This course provides an intro to clustering and dimensionality reduction in R from a machine learning perspective.,Hank Roark,"Senior Data Scientist, Boeing",https://www.datacamp.com/courses/unsupervised-learning-in-r
Working with Geospatial Data in R,"Learn to read, explore, and manipulate spatial data then use your skills to create informative maps using R.",Charlotte Wickham,Assistant Professor at Oregon State University,https://www.datacamp.com/courses/working-with-geospatial-data-in-r
Manipulating Time Series Data in R: Case Studies,Strengthen your knowledge of the topics covered in Manipulating Time Series in R using real case study data.,Lore Dirick,Senior Data Science Curriculum Writer at Flatiron School,https://www.datacamp.com/courses/manipulating-time-series-data-in-r-case-studies
Object-Oriented Programming in R: S3 and R6,Manage the complexity in your code using object-oriented programming with the S3 and R6 systems.,Richie Cotton,Head of Content Quality at DataCamp,https://www.datacamp.com/courses/object-oriented-programming-in-r-s3-and-r6
Sentiment Analysis in R,"Learn sentiment analysis by identifying positive and negative language, specific emotional intent and making compelli...",Ted Kwartler,"Senior Director, Data Scientist at Liberty Mutual",https://www.datacamp.com/courses/sentiment-analysis-in-r
Visualizing Time Series Data in R,"Learn how to visualize time series in R, then practice with a stock-picking case study.",Arnaud Amsellem,Quantitative Trader and creator of the R Trader blog,https://www.datacamp.com/courses/visualizing-time-series-data-in-r
Valuation of Life Insurance Products in R,"Learn the basics of cash flow valuation, work with human mortality data and build life insurance products in R.",Katrien Antonio,"Professor, KU Leuven and University of Amsterdam",https://www.datacamp.com/courses/valuation-of-life-insurance-products-in-r
Foundations of Probability in R,"In this course, you'll learn about the concepts of random variables, distributions, and conditioning.",David Robinson,"Chief Data Scientist, DataCamp",https://www.datacamp.com/courses/foundations-of-probability-in-r
Scalable Data Processing in R,Learn how to write scalable code for working with big data in R using the bigmemory and iotools packages.,Michael Kane,Assistant Professor at Yale University,https://www.datacamp.com/courses/scalable-data-processing-in-r
Introduction to R for Finance,Learn essential data structures such as lists and data frames and apply that knowledge directly to financial examples.,Lore Dirick,Senior Data Science Curriculum Writer at Flatiron School,https://www.datacamp.com/courses/introduction-to-r-for-finance
Intermediate R for Finance,"Learn about how dates work in R, and explore the world of if statements, loops, and functions using financial examples.",Lore Dirick,Senior Data Science Curriculum Writer at Flatiron School,https://www.datacamp.com/courses/intermediate-r-for-finance
Supervised Learning in R: Classification,In this course you will learn the basics of machine learning for classification.,Brett Lantz,Data Scientist at the University of Michigan,https://www.datacamp.com/courses/supervised-learning-in-r-classification
Building Chatbots in Python,Learn the fundamentals of how to build conversational bots using rule-based systems as well as machine learning.,Alan Nichol,Co-founder and CTO of Rasa,https://www.datacamp.com/courses/building-chatbots-in-python
Extreme Gradient Boosting with XGBoost,Learn the fundamentals of gradient boosting and build state-of-the-art machine learning models using XGBoost to solve...,Sergey Fogelson,"VP of Analytics and Measurement Sciences, Viacom",https://www.datacamp.com/courses/extreme-gradient-boosting-with-xgboost
Importing & Managing Financial Data in Python,"In this course, you'll learn how to import and manage financial data in Python using various tools and sources.",Stefan Jansen,Founder & Lead Data Scientist at Applied Artificial Intelligence,https://www.datacamp.com/courses/importing-managing-financial-data-in-python
Manipulating Time Series Data in Python,In this course you'll learn the basics of working with time series data.,Stefan Jansen,Founder & Lead Data Scientist at Applied Artificial Intelligence,https://www.datacamp.com/courses/manipulating-time-series-data-in-python
Introduction to Time Series Analysis in Python,In this course you'll learn the basics of analyzing time series data.,Rob Reider,Consultant at Quantopian and Adjunct Professor at NYU,https://www.datacamp.com/courses/introduction-to-time-series-analysis-in-python
Parallel Computing with Dask,Learn how to take the Python workflows you currently have and easily scale them up to large datasets without the need...,Team Anaconda,Data Science Training,https://www.datacamp.com/courses/parallel-computing-with-dask
Introduction to PySpark,Learn to implement distributed data management and machine learning in Spark using the PySpark package.,Lore Dirick,Senior Data Science Curriculum Writer at Flatiron School,https://www.datacamp.com/courses/introduction-to-pyspark
Case Studies in Statistical Thinking,Take vital steps towards mastery as you apply your statistical thinking skills to real-world data sets and extract ac...,Justin Bois,Lecturer at the California Institute of Technology,https://www.datacamp.com/courses/case-studies-in-statistical-thinking
Visualizing Time Series Data in Python,"Visualize seasonality, trends and other patterns in your time series data.",Thomas Vincent,Head of Data Science at Getty Images,https://www.datacamp.com/courses/visualizing-time-series-data-in-python
Python for R Users,This course is for R users who want to get up to speed with Python!,Daniel Chen,Data Science Consultant at Lander Analytics,https://www.datacamp.com/courses/python-for-r-users
Intro to Financial Concepts using Python,"Using Python and NumPy, learn the most fundamental financial concepts.",Dakota Wixom,Quantitative Analyst and Founder of QuantCourse.com,https://www.datacamp.com/courses/intro-to-financial-concepts-using-python
Intro to Portfolio Risk Management in Python,"Evaluate portfolio risk and returns, construct market-cap weighted equity portfolios and learn how to forecast and he...",Dakota Wixom,Quantitative Analyst and Founder of QuantCourse.com,https://www.datacamp.com/courses/intro-to-portfolio-risk-management-in-python
String Manipulation in R with stringr,"Learn how to pull character strings apart, put them back together and use the stringr package.",Charlotte Wickham,Assistant Professor at Oregon State University,https://www.datacamp.com/courses/string-manipulation-in-r-with-stringr
Writing Efficient R Code,"Learn to write faster R code, discover benchmarking and profiling, and unlock the secrets of parallel programming.",Colin Gillespie,"Assoc Prof at Newcastle University, Consultant at Jumping Rivers",https://www.datacamp.com/courses/writing-efficient-r-code
Forecasting Using R,Learn how to make predictions about the future using time series forecasting in R.,Rob J. Hyndman,Professor of Statistics at Monash University,https://www.datacamp.com/courses/forecasting-using-r
Machine Learning with Tree-Based Models in R,"In this course, you'll learn how to use tree-based models and ensembles for regression and classification.",Gabriela de Queiroz,Data Scientist and founder of R-Ladies,https://www.datacamp.com/courses/machine-learning-with-tree-based-models-in-r
Working with Web Data in R,Learn how to efficiently import data from the web into R.,Charlotte Wickham,Assistant Professor at Oregon State University,https://www.datacamp.com/courses/working-with-web-data-in-r
Quantitative Risk Management in R,"Work with risk-factor return series, study their empirical properties, and make estimates of value-at-risk.",Alexander J. McNeil,Professor of Actuarial Science at the University of York.,https://www.datacamp.com/courses/quantitative-risk-management-in-r
Spatial Statistics in R,Learn how to make sense of spatial data and deal with various classes of statistical problems associated with it.,Barry Rowlingson,Research Fellow at Lancaster University,https://www.datacamp.com/courses/spatial-statistics-in-r
Data Visualization in R with lattice,Learn to visualize multivariate datasets using lattice graphics.,Deepayan Sarkar,Member of R-Core & the creator of lattice,https://www.datacamp.com/courses/data-visualization-in-r-with-lattice
Introduction to Spark in R using sparklyr,Learn how to analyze huge datasets using Apache Spark and R using the sparklyr package.,Richie Cotton,Head of Content Quality at DataCamp,https://www.datacamp.com/courses/introduction-to-spark-in-r-using-sparklyr
Sentiment Analysis in R: The Tidy Way,"In this course, you will the learn principles of sentiment analysis from a tidy data perspective.",Julia Silge,Data Scientist at Stack Overflow,https://www.datacamp.com/courses/sentiment-analysis-in-r-the-tidy-way
Multiple and Logistic Regression,In this course you'll lear to add multiple variables to linear models and to use logistic regression for classification.,Ben Baumer,Assistant Professor at Smith College,https://www.datacamp.com/courses/multiple-and-logistic-regression
Inference for Linear Regression,In this course you'll learn how to perform inference using linear models.,Jo Hardin,Professor at Pomona College,https://www.datacamp.com/courses/inference-for-linear-regression
Machine Learning for Time Series Data in Python,This course focuses on feature engineering and machine learning for time series data.,Chris Holdgraf,Fellow at the Berkeley Institute for Data Science,https://www.datacamp.com/courses/machine-learning-for-time-series-data-in-python
Customer Analytics & A/B Testing in Python,"Learn how to use Python to create, run, and analyze A/B tests to make proactive business decisions.",Ryan Grossman,Data Scientist at EDO Inc.,https://www.datacamp.com/courses/customer-analytics-ab-testing-in-python
Linear Classifiers in Python,In this course you will learn the details of linear classifiers like logistic regression and SVM.,Mike Gelbart,"Instructor, the University of British Columbia",https://www.datacamp.com/courses/linear-classifiers-in-python
HR Analytics in Python: Predicting Employee Churn,In this course you'll learn how to apply machine learning in the HR domain.,Hrant Davtyan,Assistant Professor of Data Science at the American University...,https://www.datacamp.com/courses/hr-analytics-in-python-predicting-employee-churn
Machine Learning with Tree-Based Models in Python,"In this course, you'll learn how to use tree-based models and ensembles for regression and classification using sciki...",Elie Kawerk,Data Scientist at Mirum Agency,https://www.datacamp.com/courses/machine-learning-with-tree-based-models-in-python
Foundations of Predictive Analytics in Python (Part 1),In this course you'll learn to use and present logistic regression models for making predictions.,Nele Verbiest,Data Scientist at Python Predictions,https://www.datacamp.com/courses/foundations-of-predictive-analytics-in-python-part-1
Preprocessing for Machine Learning in Python,In this course you'll learn how to get your cleaned data ready for modeling.,Sarah Guido,Senior Data Scientist at InVision,https://www.datacamp.com/courses/preprocessing-for-machine-learning-in-python
Machine Learning for Finance in Python,"Learn to model and predict stock data values using linear models, decision trees, random forests, and neural networks.",Nathan George,Assistant Professor of Data Science at Regis University,https://www.datacamp.com/courses/machine-learning-for-finance-in-python
Intro to Python for Finance,This course introduces Python for financial analysis.,Adina Howe,Assistant Professor and Data Scientist,https://www.datacamp.com/courses/intro-to-python-for-finance
Analyzing Police Activity with pandas,Explore the Stanford Open Policing Project dataset and analyze the impact of gender on police behavior using pandas.,Kevin Markham,Founder of Data School,https://www.datacamp.com/courses/analyzing-police-activity-with-pandas
Data Visualization with Seaborn,"Use Seaborn's sophisticated visualization tools to make beautiful, informative visualizations with ease.",Chris Moffitt,Creator of Practical Business Python,https://www.datacamp.com/courses/data-visualization-with-seaborn
Statistical Simulation in Python,Learn to solve increasingly complex problems using simulations to generate and analyze data.,Tushar Shanker,Data Scientist at Uber,https://www.datacamp.com/courses/statistical-simulation-in-python
Financial Forecasting in Python,Step into the role of CFO and learn how to advise a board of directors on key metrics while building a financial fore...,Victoria Clark,Chartered Global Management Accountant at CIMA,https://www.datacamp.com/courses/financial-forecasting-in-python
Visualizing Geospatial Data in Python,Learn how to make attractive visualizations of geospatial data in Python using the geopandas package and folium maps.,Mary van Valkenburg,Data Science Program Manager at Nashville Software School,https://www.datacamp.com/courses/visualizing-geospatial-data-in-python
Equity Valuation in R,Learn the fundamentals of valuing stocks.,Clifford Ang,Vice President at Compass Lexecon,https://www.datacamp.com/courses/equity-valuation-in-r
Building Web Applications in R with Shiny: Case Studies,Build interactive web apps using R and shiny!,Dean Attali,Founder & Lead R-Shiny Consultant at AttaliTech Ltd,https://www.datacamp.com/courses/building-web-applications-in-r-with-shiny-case-studies
Supervised Learning in R: Regression,"In this course you will learn how to predict future events using linear regression, generalized additive models, rand...",John Mount,"Co-founder, Principal Consultant at Win-Vector, LLC",https://www.datacamp.com/courses/supervised-learning-in-r-regression
Dimensionality Reduction in R,"Develop your intuition for when to reduce dimensionality in your data, and master the fundamentals of how to do so in R.",Alexandros Tantos,"Assistant Professor, Aristotle University of Thessaloniki",https://www.datacamp.com/courses/dimensionality-reduction-in-r
Spatial Analysis in R with sf and raster,Analyze spatial data using the sf and raster packages.,Zev Ross,"President, ZevRoss Spatial Analysis",https://www.datacamp.com/courses/spatial-analysis-in-r-with-sf-and-raster
Network Analysis in R,In this course you'll learn to analyze and visualize network data with the igraph package.,James Curley,Associate Professor at UT Austin,https://www.datacamp.com/courses/network-analysis-in-r
Building Web Applications in R with Shiny,Build interactive web apps straight from R with shiny!,Mine Cetinkaya-Rundel,Associate Professor at Duke University & Data Scientist and Pr...,https://www.datacamp.com/courses/building-web-applications-in-r-with-shiny
Introduction to the Tidyverse,"Get started on the path to exploring and visualizing your own data with the tidyverse, a powerful and popular collect...",David Robinson,"Chief Data Scientist, DataCamp",https://www.datacamp.com/courses/introduction-to-the-tidyverse
Developing R Packages,Create and share your own R Packages!,Aimee Gott,Education Practice Lead at Mango Solutions,https://www.datacamp.com/courses/developing-r-packages
Inference for Numerical Data,In this course you'll learn techniques for performing statistical inference on numerical data.,Mine Cetinkaya-Rundel,Associate Professor at Duke University & Data Scientist and Pr...,https://www.datacamp.com/courses/inference-for-numerical-data
Fundamentals of Bayesian Data Analysis in R,"Learn what Bayesian data analysis is, how it works, and why it is a useful tool to have in your data science toolbox.",Rasmus Bååth,Senior Data Scientist at King (Activision Blizzard),https://www.datacamp.com/courses/fundamentals-of-bayesian-data-analysis-in-r
Working with Dates and Times in R,"Learn the essentials of parsing, manipulating and computing with dates and times in R.",Charlotte Wickham,Assistant Professor at Oregon State University,https://www.datacamp.com/courses/working-with-dates-and-times-in-r
Cluster Analysis in R,Develop a strong intuition for how hierarchical and k-means clustering work and learn how to apply them to extract in...,Dmitriy Gorenshteyn,Lead Data Scientist at Memorial Sloan Kettering Cancer Center,https://www.datacamp.com/courses/cluster-analysis-in-r
Inference for Categorical Data,In this course you'll learn how to leverage statistical techniques for working with categorical data.,Andrew Bray,,https://www.datacamp.com/courses/inference-for-categorical-data
Visualizing Big Data with Trelliscope,Learn how to visualize big data in R using ggplot2 and trelliscopejs.,Ryan Hafen,Author of TrelliscopeJS,https://www.datacamp.com/courses/visualizing-big-data-with-trelliscope
Biomedical Image Analysis in Python,"Learn the fundamentals of exploring, manipulating, and measuring biomedical image data.",Stephen Bailey,NIH Research Fellow,https://www.datacamp.com/courses/biomedical-image-analysis-in-python
Building Recommendation Engines with PySpark,Learn tools and techniques to leverage your own big data to facilitate positive experiences for your users.,Jamen Long,Data Scientist,https://www.datacamp.com/courses/recommendation-engines-in-pyspark
Convolutional Neural Networks for Image Processing,Convolutional neural networks are deep learning algorithms that are particularly powerful for analysis of images.,Ariel Rokem,"Senior Data Scientist, University of Washington",https://www.datacamp.com/courses/convolutional-neural-networks-for-image-processing
Analyzing Social Media Data in Python,"In this course, you'll learn how to collect Twitter data and analyze Twitter text, networks, and geographical origin.",Alex Hanna,Computational Social Scientist,https://www.datacamp.com/courses/analyzing-social-media-data-in-python
Building Dashboards with flexdashboard,In this course you'll learn how to create static and interactive dashboards using flexdashboard and shiny.,Elaine McVey,"Director of Quantitative Mobility, TransLoc",https://www.datacamp.com/courses/building-dashboards-with-flexdashboard
Communicating with Data in the Tidyverse,Leverage the power of tidyverse tools to create publication-quality graphics and custom-styled reports that communica...,Timo Grossenbacher,Data Journalist at SRF Data,https://www.datacamp.com/courses/communicating-with-data-in-the-tidyverse
ChIP-seq Workflows in R,Learn how to analyse and interpret ChIP-seq data with the help of Bioconductor using a human cancer dataset.,Peter Humburg,Statistician,https://www.datacamp.com/courses/chip-seq-workflows-in-r
Joining Data in R with data.table,This course will show you how to combine and merge datasets with data.table.,Scott Ritchie,Postdoctoral Researcher in Systems Genomics,https://www.datacamp.com/courses/joining-data-in-r-with-datatable
Foundations of Functional Programming with purrr,Learn to easily summarize and manipulate lists using the purrr package.,Auriel Fournier,Postdoc at Mississippi State University,https://www.datacamp.com/courses/foundations-of-functional-programming-with-purrr
Visualization Best Practices in R,"Learn to effectively convey your data with an overview of common charts, alternative visualization types, and percep...",Nick Strayer,"PhD Candidate, Biostatistics; Vanderbilt University",https://www.datacamp.com/courses/visualization-best-practices-in-r
Building Dashboards with shinydashboard,In this course you'll learn to build dashboards using the shinydashboard package.,Lucy D’Agostino McGowan,"Postdoctoral fellow, Johns Hopkins Department of Biostatistics",https://www.datacamp.com/courses/building-dashboards-with-shinydashboard
Modeling with Data in the Tidyverse,Explore Linear Regression in a tidy framework.,Albert Y. Kim,Assistant Professor of Statistical & Data Sciences at Smith Co...,https://www.datacamp.com/courses/modeling-with-data-in-the-tidyverse
Human Resources Analytics in R: Exploring Employee Data,"Manipulate, visualize, and perform statistical tests on HR data.",Ben Teusch,HR Analytics Consultant at Capital Group,https://www.datacamp.com/courses/human-resources-analytics-in-r-exploring-employee-data
Business Process Analytics in R,Learn how to analyze business processes in R and extract actionable insights from enormous sets of event data.,Gert Janssenswillen,Author of bupaR package,https://www.datacamp.com/courses/business-process-analytics-in-r
Working with Data in the Tidyverse,"Learn to work with data using tools from the tidyverse, and master the important skills of taming and tidying your data.",Alison Hill,Professor and Data Scientist,https://www.datacamp.com/courses/working-with-data-in-the-tidyverse
Supervised Learning in R: Case Studies,Apply your supervised machine learning skills by working through four case studies using data from the real world.,Julia Silge,Data Scientist at Stack Overflow,https://www.datacamp.com/courses/supervised-learning-in-r-case-studies
Forecasting Product Demand in R,"Learn how to identify important drivers of demand, look at seasonal effects, and predict demand for a hierarchy of pr...",Aric LaBarr,Director and Senior Scientist at Elder Research,https://www.datacamp.com/courses/forecasting-product-demand-in-r
Marketing Analytics in R: Statistical Modeling,In this course you'll learn how to use data science for several common marketing tasks.,Verena Pflieger,Data Scientist at INWT Statistics,https://www.datacamp.com/courses/marketing-analytics-in-r-statistical-modeling
Network Analysis in R: Case Studies,Apply fundamental concepts in network analysis to large real-world datasets in 4 different case studies.,Ted Hart,Senior Data Scientist,https://www.datacamp.com/courses/network-analysis-in-r-case-studies
Hierarchical and Mixed Effects Models,In this course you will learn to fit hierarchical models with random effects.,Richard Erickson,Quantitative Ecologist,https://www.datacamp.com/courses/hierarchical-and-mixed-effects-models
Parallel Programming in R,This course covers in detail the tools available in R for parallel computing.,hanas@uw.edu hanas@uw.edu,"Senior Research Scientist, University of Washington",https://www.datacamp.com/courses/parallel-programming-in-r
Introduction to Bioconductor,"Learn to use essential bioconductor packages using datasets from virus, fungus, human and plants!",Paula Martinez,Data Scientist,https://www.datacamp.com/courses/introduction-to-bioconductor
Human Resources Analytics in R: Predicting Employee ...,Predict employee turnover and design retention strategies.,Anurag Gupta,People Analytics Practitioner,https://www.datacamp.com/courses/human-resources-analytics-in-r-predicting-employee-churn
Data Privacy and Anonymization in R,Publicly release data sets with a differential privacy guarantee.,Claire Bowen,Postdoctoral Researcher at the Los Alamos National Laboratory,https://www.datacamp.com/courses/data-privacy-and-anonymization-in-r
Nonlinear Modeling in R with GAMs,GAMs model relationships in data as nonlinear functions that are highly adaptable to different types of data science ...,Noam Ross,Senior Research Scientist at EcoHealth Alliance,https://www.datacamp.com/courses/nonlinear-modeling-in-r-with-gams
Bayesian Modeling with RJAGS,"In this course, you'll learn how to implement more advanced Bayesian models using RJAGS.",Alicia Johnson,"Associate Professor, Macalester College",https://www.datacamp.com/courses/bayesian-modeling-with-rjags
Structural Equation Modeling with lavaan in R,Learn how to create and assess measurement models used to confirm the structure of a scale or questionnaire.,Erin Buchanan,Associate Professor of Psychology at Missouri State University,https://www.datacamp.com/courses/structural-equation-modeling-with-lavaan-in-r
Differential Expression Analysis in R with limma,Learn to use the Bioconductor package limma for differential gene expression analysis.,John Blischak,Postdoctoral Scholar at University of Chicago,https://www.datacamp.com/courses/differential-expression-analysis-in-r-with-limma
Factor Analysis in R,"Explore latent variables, such as personality using exploratory and confirmatory factor analyses.",Jennifer Brussow,Psychometrician at Ascend Learning,https://www.datacamp.com/courses/factor-analysis-in-r
Marketing Analytics in R: Choice Modeling,Learn to analyze and model customer choice data in R.,Elea McDonnell Feit,Assistant Professor of Marketing at Drexel University,https://www.datacamp.com/courses/marketing-analytics-in-r-choice-modeling
Categorical Data in the Tidyverse,"Get ready to categorize! In this course you will with non-numerical data , such as job titles or survey responses, us...",Emily Robinson,Data Scientist at DataCamp,https://www.datacamp.com/courses/categorical-data-in-the-tidyverse
Multivariate Probability Distributions in R,"Learn to analyze, plot, and model multivariate data.",Surajit Ray,"Senior Lecturer in Statistics, University of Glasgow",https://www.datacamp.com/courses/multivariate-probability-distributions-in-r
Experimental Design in R,"In this course you'll learn about basic experimental design, a crucial part of any data analysis.",kaelen medeiros,Content Quality Analyst at DataCamp,https://www.datacamp.com/courses/experimental-design-in-r
Bayesian Regression Modeling with rstanarm,Learn how to leverage Bayesian estimation methods to make better inferences about linear regression models.,Jake Thompson,"Psychometrician, ATLAS, University of Kansas",https://www.datacamp.com/courses/bayesian-regression-modeling-with-rstanarm
Analyzing Survey Data in R,Learn survey design using common design structures followed by visualizing and analyzing survey results.,Kelly McConville,Assistant Professor of Statistics at Reed College,https://www.datacamp.com/courses/analyzing-survey-data-in-r
Mixture Models in R,Learn mixture models: a convenient and formal statistical framework for probabilistic clustering and classification.,Víctor Medina,Researcher at the Superintendency of Banks and Financial Insti...,https://www.datacamp.com/courses/mixture-models-in-r
Network Science in R - A Tidy Approach,Learn how to analyze and visualize network data in the R programming language using the tidyverse approach.,Massimo Franceschet,Professor of Data Science at the University of Udine (Italy),https://www.datacamp.com/courses/network-science-in-r-a-tidy-approach
Support Vector Machines in R,"This course will introduce the support vector machine (SVM) using an intuitive, visual approach.",Kailash Awati,Senior Lecturer at University of Technology Sydney.,https://www.datacamp.com/courses/support-vector-machines-in-r
Interactive Maps with leaflet in R,Learn how to produce interactive web maps with ease using leaflet.,Rich Majerus,Assistant Vice President at Colby College,https://www.datacamp.com/courses/interactive-maps-with-leaflet-in-r
Analyzing Election and Polling Data in R,"Learn R for data science by wrangling, visualizing, and modeling political data like polls and election results.",G Elliott Morris,Data Journalist,https://www.datacamp.com/courses/analyzing-election-and-polling-data-in-r
A/B Testing in R,"Learn A/B testing: including hypothesis testing, experimental design, and confounding variables.",Page Piccinini,Senior Data Scientist at Classy,https://www.datacamp.com/courses/ab-testing-in-r
Analyzing US Census Data in R,Learn to rapidly visualize and explore demographic data from the United States Census Bureau using tidyverse tools.,Kyle Walker,Geography professor at TCU and spatial data science consultant,https://www.datacamp.com/courses/analyzing-us-census-data-in-r
Dealing With Missing Data in R,"Make it easy to visualise, explore, and impute missing data with naniar, a tidyverse friendly approach to missing data.",Nicholas Tierney,Statistician,https://www.datacamp.com/courses/dealing-with-missing-data-in-r
Financial Analytics in R,Learn how to speak the language (and do the math!) of corporate finance to pitch your next great business idea.,Emily Riederer,Analytics Manager,https://www.datacamp.com/courses/financial-analytics-in-r
Interactive Data Visualization with rbokeh,Learn rbokeh: a visualization library for interactive web-based plots.,Omayma Said,Data Scientist,https://www.datacamp.com/courses/interactive-data-visualization-with-rbokeh
Machine Learning in the Tidyverse,"Leverage the tools in the tidyverse to generate, explore and evaluate machine learning models.",Dmitriy Gorenshteyn,Lead Data Scientist at Memorial Sloan Kettering Cancer Center,https://www.datacamp.com/courses/machine-learning-in-the-tidyverse
Predictive Analytics using Networked Data in R,Learn to predict labels of nodes in networks using network learning and by extracting descriptive features from the n...,Maria Oskarsdottir,Post-doctoral Researcher,https://www.datacamp.com/courses/predictive-analytics-using-networked-data-in-r
Designing and Analyzing Clinical Trials in R,"In this course you will gain an overview clinical trial designs, determine the numbers of patients needed and conduct...",Tamuno Alfred,PhD. Biostatistician,https://www.datacamp.com/courses/designing-and-analyzing-clinical-trials-in-r
Single-Cell RNA-Seq Workflows in R,"Analyze single-cell RNA-Seq data using normalization, dimensionality reduction, clustering and differential expression.",Fanny Perraudeau,"Senior Data Scientist, Whole Biome",https://www.datacamp.com/courses/single-cell-rna-seq-workflows-in-r
Linear Algebra for Data Science in R,"This course is an introduction to linear algebra, one of the most important mathematical topics underpinning data sci...",Eric Eager,Data Scientist at Pro Football Focus,https://www.datacamp.com/courses/linear-algebra-for-data-science-in-r
Generalized Linear Models in R,The Generalized Linear Model course expands your regression toolbox to include logistic and Poisson regression.,Richard Erickson,Quantitative Ecologist,https://www.datacamp.com/courses/generalized-linear-models-in-r
